{"cameraMode":{"drawMode":0,"name":"Shaded","section":"Shading Mode"},"sceneLighting":true,"audioPlay":false,"sceneViewState":{"showFog":true,"showMaterialUpdate":true,"showSkybox":false,"showFlares":true,"showImageEffects":true,"showParticleSystems":true},"in2DMode":false,"pivot":{"x":-0.5101609230041504,"y":0.8019800186157227,"z":0.4623699188232422},"rotation":{"x":-0.11064944416284561,"y":0.8875882625579834,"z":-0.28511154651641848,"w":-0.34446588158607485},"size":4.154036998748779,"orthographic":false}